{"crypto": {"kdf": {"function": "scrypt", "params": {"dklen": 32, "n": 262144, "r": 8, "p": 1, "salt": "d6a0156af9f8a4e5d745115f84d082bbb81f598058cc08cb4d1726eb67952122"}, "message": ""}, "checksum": {"function": "sha256", "params": {}, "message": "7b31ed8f38d04a01fcca436b2b12dd650dafb76e6b428cb0e832808a3728abcf"}, "cipher": {"function": "aes-128-ctr", "params": {"iv": "ff6e146056409fbca8be25fe35f1ca5d"}, "message": "ca8949d96d724ba13b937d13ecc505880f0a3d753c30562ce5b25049fc992315"}}, "description": "", "pubkey": "a3cccaadb29d605fea8c9dcba562bcab5ee56b0d21502c1212422b528a32023f117462e5f4b11ce04f69bfb7cc9df48f", "path": "m/12381/3600/24/0/0", "uuid": "576fb15d-a44f-4968-9693-360e354167cc", "version": 4}