{"crypto": {"kdf": {"function": "scrypt", "params": {"dklen": 32, "n": 262144, "r": 8, "p": 1, "salt": "d6a0156af9f8a4e5d745115f84d082bbb81f598058cc08cb4d1726eb67952122"}, "message": ""}, "checksum": {"function": "sha256", "params": {}, "message": "3f25bcefbfbc1927feb55b73b5943cb00d1b01de968094130822eeb9f3280fb5"}, "cipher": {"function": "aes-128-ctr", "params": {"iv": "ff6e146056409fbca8be25fe35f1ca5d"}, "message": "a88ebe6c3f3f114bde8c8e58e3c2f61eb5f74f41b442b2364eaed472aa4e3969"}}, "description": "", "pubkey": "939d2de95a3f8dc18436b9ed7ca61abf1aa9718773f2b708d4347240f3ad3cfd60090403f22b8af35fdfb329528b25b6", "path": "m/12381/3600/15/0/0", "uuid": "4ae8bcf0-9ebd-4158-bd57-814d8e0ddf8f", "version": 4}