{"crypto": {"kdf": {"function": "scrypt", "params": {"dklen": 32, "n": 262144, "r": 8, "p": 1, "salt": "d6a0156af9f8a4e5d745115f84d082bbb81f598058cc08cb4d1726eb67952122"}, "message": ""}, "checksum": {"function": "sha256", "params": {}, "message": "d03441d12cad8aaec222ea5e9b2ff8c5163e2e4343f0205d8b62a0b7fbfd3784"}, "cipher": {"function": "aes-128-ctr", "params": {"iv": "ff6e146056409fbca8be25fe35f1ca5d"}, "message": "ce95e6953ce59db9ec91eff48fde112a11667bef22300bf50565b946d8258479"}}, "description": "", "pubkey": "b982a4416f59fa149a2cf07856fae31b55fa90d6f8e17dbd8387cf00a3d98b7fc2cc1dba842a96e26f8be695aa526922", "path": "m/12381/3600/17/0/0", "uuid": "a920f7f6-b17e-485e-a388-dfcda1b1320f", "version": 4}