{"crypto": {"kdf": {"function": "scrypt", "params": {"dklen": 32, "n": 262144, "r": 8, "p": 1, "salt": "d6a0156af9f8a4e5d745115f84d082bbb81f598058cc08cb4d1726eb67952122"}, "message": ""}, "checksum": {"function": "sha256", "params": {}, "message": "3dae70cab14a8fee9bd7e97de9aee225b765acd37bd75837311a36b17b6a4da1"}, "cipher": {"function": "aes-128-ctr", "params": {"iv": "ff6e146056409fbca8be25fe35f1ca5d"}, "message": "efafa3ce0303a31ec772740bbe9fefc8edc2560a70375ac167c1c80d325b99ee"}}, "description": "", "pubkey": "8c27075a94b278ed9579903f720b16ac77fb5ddaee0a644b7d698eb5053be0d15dcc52e1d523e4ab1748ec774493a844", "path": "m/12381/3600/30/0/0", "uuid": "64ec7ead-d406-4a35-9204-40e82dc67007", "version": 4}