{"crypto": {"kdf": {"function": "scrypt", "params": {"dklen": 32, "n": 262144, "r": 8, "p": 1, "salt": "d6a0156af9f8a4e5d745115f84d082bbb81f598058cc08cb4d1726eb67952122"}, "message": ""}, "checksum": {"function": "sha256", "params": {}, "message": "e04d46f271fbc7d1eafff62db6929937bbd6a5241fb628bbe0fd0818dbab15ef"}, "cipher": {"function": "aes-128-ctr", "params": {"iv": "ff6e146056409fbca8be25fe35f1ca5d"}, "message": "ba89a31f2eab7af04b2f9e7764bad6652aaf9dee0c9302cbb4b0330e6606125d"}}, "description": "", "pubkey": "855c054c9336abfc5b42848b4320ddca8820f1a72a927119061ac4200e5e6ac022339a90ec2a89a008edaa1da93655b7", "path": "m/12381/3600/22/0/0", "uuid": "03536fbc-60e5-48c2-80c7-909e2b010a44", "version": 4}