{"crypto": {"kdf": {"function": "scrypt", "params": {"dklen": 32, "n": 262144, "r": 8, "p": 1, "salt": "d6a0156af9f8a4e5d745115f84d082bbb81f598058cc08cb4d1726eb67952122"}, "message": ""}, "checksum": {"function": "sha256", "params": {}, "message": "44843c32c4f1f67ecd4bbf6c388da386514f24496fc7bff26a5dd89d03abe9a7"}, "cipher": {"function": "aes-128-ctr", "params": {"iv": "ff6e146056409fbca8be25fe35f1ca5d"}, "message": "ef79755f3dd759e93f5a97bc292d3fd518bb8683fad20e7dd18bf090bf50e39e"}}, "description": "", "pubkey": "a5fd5b746a43a85e8301df57e0d42f36ba47e9cfcabc35f6da144f17b0d7ff508f6ad5af3a264f40ab0a3c4f06f4fa4a", "path": "m/12381/3600/23/0/0", "uuid": "593e63e6-6f98-43e7-ac25-247a3707a42e", "version": 4}